timestamp,open,high,low,close,volume,rate_of_return
2021-06-16,23.48,23.691,22.603,23.073,19548.672,
2021-06-17,23.239,24.041,22.056,22.507,11456.609,-0.02453083690894109
2021-06-18,22.469,22.489,20.193,21.369,15321.121,-0.050562047363042706
2021-06-19,21.451,21.65,20.25,20.253,7236.099,-0.052225186017127556
2021-06-20,20.189,20.966,18.892,20.655,14973.616,0.01984891127240407
2021-06-21,20.75,21.593,15.685,15.747,43404.792,-0.23761801016702977
2021-06-22,15.791,22.896,13.107,14.662,69177.12,-0.06890201308185684
2021-06-23,14.606,16.81,13.99,15.927,44433.195,0.08627745191651881
2021-06-24,15.817,16.591,14.77,16.247,16833.802,0.020091668236328353
2021-06-25,16.544,16.735,14.425,14.425,22149.177,-0.11214378039022588
2021-06-26,14.45,14.97,13.701,14.59,23876.044,0.011438474870017368
2021-06-27,14.585,15.195,14.059,15.016,26041.269,0.029198080877313348
2021-06-28,14.995,16.033,14.607,15.802,36115.122,0.052344166222695776
2021-06-29,15.765,17.036,15.74,16.273,70777.603,0.029806353626123272
2021-06-30,16.28,16.607,15.1,16.354,29421.621,0.00497757020832057
2021-07-01,16.34,16.34,14.847,15.251,17548.899,-0.06744527332762629
2021-07-02,15.279,15.43,14.635,15.331,20832.652,0.005245557668349665
2021-07-03,15.236,15.739,15.033,15.508,7770.819,0.011545235144478472
2021-07-04,15.508,16.552,15.176,15.942,10052.211,0.027985555842146015
2021-07-05,15.916,15.924,14.739,15.243,16664.243,-0.043846443357169695
2021-07-06,15.201,16.171,15.2,16.116,28205.088,0.05727219051367838
2021-07-07,16.154,17.649,16.091,16.849,56779.387,0.04548275006205027
2021-07-08,16.798,16.877,15.001,15.306,39331.941,-0.09157813520090219
2021-07-09,15.286,15.905,14.849,15.682,20334.386,0.02456552985757221
2021-07-10,15.664,15.998,15.051,15.299,17911.65,-0.02442290524167845
2021-07-11,15.312,15.7,15.14,15.492,11114.239,0.012615203608079106
2021-07-12,15.425,15.632,14.426,14.784,13782.674,-0.04570100697134005
2021-07-13,14.784,15.088,14.029,14.183,10937.863,-0.04065205627705637
2021-07-14,14.143,14.211,13.172,13.777,30627.375,-0.02862581964323485
2021-07-15,13.777,14.093,12.739,13.083,20256.386,-0.05037381142483843
2021-07-16,13.021,13.304,11.972,11.972,18501.412,-0.08491936100282815
2021-07-17,12.011,12.733,11.731,12.301,25905.959,0.027480788506515363
2021-07-18,12.265,12.947,12.26,12.656,13553.707,0.02885944232176252
2021-07-19,12.7,12.7,11.363,11.46,38985.639,-0.09450063211125159
2021-07-20,11.445,11.565,10.386,10.938,27279.368,-0.045549738219895275
2021-07-21,10.932,12.809,10.676,12.334,63105.458,0.12762845127079903
2021-07-22,12.324,13.377,11.815,13.184,42736.509,0.06891519377330946
2021-07-23,13.218,13.522,12.313,13.384,52093.31,0.015169902912621547
2021-07-24,13.354,14.034,13.129,13.792,36736.731,0.03048416019127309
2021-07-25,13.731,13.835,13.105,13.745,31833.755,-0.0034077726218098014
2021-07-26,13.696,15.28,13.657,13.918,96866.098,0.012586395052746502
2021-07-27,13.927,14.52,13.407,14.355,69579.712,0.03139818939502814
2021-07-28,14.38,14.747,13.936,14.525,52967.8,0.011842563566701436
2021-07-29,14.493,15.381,14.279,15.268,81640.445,0.0511531841652324
2021-07-30,15.226,15.839,14.422,15.807,102866.027,0.03530259365994226
2021-07-31,15.805,17.013,15.608,16.793,87643.169,0.06237742772189536
2021-08-01,16.723,19.889,16.559,18.442,256499.618,0.0981956767700829
2021-08-02,18.409,18.917,17.555,17.978,108675.798,-0.025159960958681227
2021-08-03,18.003,18.569,16.825,17.398,86600.054,-0.03226165313160545
2021-08-04,17.423,19.582,17.129,19.175,111398.14,0.10213817680193138
2021-08-05,19.109,19.455,17.881,19.077,119140.669,-0.005110821382007802
2021-08-06,19.087,20.806,18.52,20.378,94966.1,0.06819730565602544
2021-08-07,20.404,21.69,20.071,20.95,98749.412,0.02806948670134446
2021-08-08,20.914,21.207,19.216,19.666,90862.784,-0.06128878281622907
2021-08-09,19.715,22.631,18.73,20.592,93723.581,0.047086341909895246
2021-08-10,20.519,21.4,20.098,20.596,90068.665,0.00019425019425023393
2021-08-11,20.575,22.465,20.56,21.314,114806.886,0.03486113808506497
2021-08-12,21.43,22.279,19.921,20.763,78303.517,-0.025851552969878844
2021-08-13,20.762,22.765,20.532,22.727,78627.963,0.09459134036507244
2021-08-14,22.733,23.474,21.75,22.846,71686.549,0.005236062832753907
2021-08-15,22.83,23.417,21.842,23.163,85960.931,0.013875514313227644
2021-08-16,23.175,25.712,22.844,24.425,130510.223,0.05448344342269995
2021-08-17,24.551,27.413,23.021,23.521,251259.067,-0.03701125895598767
2021-08-18,23.553,25.163,22.5,23.869,156205.215,0.014795289315930438
2021-08-19,23.906,26.84,23.473,26.54,103776.713,0.11190246763584555
2021-08-20,26.448,28.464,26.098,28.197,105004.511,0.06243406179351929
2021-08-21,28.185,29.35,27.5,27.867,99725.543,-0.01170337269922328
2021-08-22,27.922,28.512,26.516,27.739,88278.016,-0.004593246492266889
2021-08-23,27.69,28.634,27.337,27.869,89718.566,0.004686542413208761
2021-08-24,27.927,28.174,24.373,25.086,105127.439,-0.09986005956439059
2021-08-25,25.201,26.561,24.466,26.065,86027.45,0.03902575141513198
2021-08-26,26.06,26.398,23.471,23.914,101570.551,-0.08252445808555531
2021-08-27,23.872,26.778,23.46,26.495,86627.494,0.10792841013632182
2021-08-28,26.469,26.752,25.423,25.965,48040.587,-0.020003774297037258
2021-08-29,26.01,26.459,25.275,25.669,41423.299,-0.011399961486616594
2021-08-30,25.655,27.574,24.325,26.003,124985.596,0.013011804121703108
2021-08-31,25.935,31.942,25.651,31.293,318044.362,0.20343806483867244
2021-09-01,31.293,33.816,29.604,33.187,239199.262,0.06052471798804837
2021-09-02,33.167,33.196,31.293,31.784,115577.173,-0.042275589839394945
2021-09-03,31.795,34.0,31.008,33.565,142141.633,0.05603448275862055
2021-09-04,33.591,34.126,32.024,32.381,92127.009,-0.035274839862952434
2021-09-05,32.402,34.769,31.989,34.361,75927.771,0.061146968901516274
2021-09-06,34.326,35.073,32.386,34.389,121817.781,0.0008148773318590319
2021-09-07,34.318,35.668,22.26,27.915,423249.262,-0.18825787315711429
2021-09-08,27.994,28.875,25.232,27.782,318997.298,-0.004764463550062659
2021-09-09,27.784,31.847,27.023,29.843,258142.368,0.07418472392196396
2021-09-10,29.78,32.632,27.98,29.205,375161.643,-0.021378547733136855
2021-09-11,29.258,32.097,28.281,31.588,168356.33,0.08159561718883768
2021-09-12,31.472,36.455,30.667,35.878,264673.021,0.13581106749398497
2021-09-13,35.87,38.023,31.606,34.851,400287.17,-0.028624783990188973
2021-09-14,34.872,38.764,34.076,37.376,249171.132,0.07245129264583516
2021-09-15,37.332,37.978,35.562,36.527,127625.165,-0.022715111301369828
2021-09-16,36.495,36.946,34.057,35.549,125952.637,-0.02677471459468339
2021-09-17,35.624,36.923,32.152,33.025,138814.304,-0.07100059073391662
2021-09-18,33.054,35.905,32.542,34.867,89872.297,0.05577592732778203
2021-09-19,34.778,34.848,33.031,33.815,50484.16,-0.030171795680729585
2021-09-20,33.877,33.887,26.604,28.287,269255.966,-0.1634777465621765
2021-09-21,28.313,30.372,25.501,26.418,347926.051,-0.06607275426874537
2021-09-22,26.373,32.0,25.929,31.601,267073.447,0.1961919903096374
2021-09-23,31.619,33.599,30.389,33.414,121114.465,0.057371602164488555
2021-09-24,33.41,33.505,27.928,30.779,204592.389,-0.07885916083078959
2021-09-25,30.812,32.214,29.427,29.816,148631.838,-0.03128756619773221
2021-09-26,29.817,30.016,26.76,28.793,167775.83,-0.03431043734907435
2021-09-27,28.759,30.228,27.592,27.677,122048.69,-0.03875942069252947
2021-09-28,27.727,28.352,26.158,26.295,77669.329,-0.04993315749539318
2021-09-29,26.335,28.566,26.11,27.245,75856.252,0.036128541547822746
2021-09-30,27.252,28.992,27.154,28.659,48118.538,0.051899431088272996
2021-10-01,28.723,32.332,28.513,31.944,102801.465,0.11462367842562537
2021-10-02,31.945,33.393,31.549,32.085,60838.402,0.0044139744552968985
2021-10-03,32.067,32.909,31.272,32.01,67703.942,-0.002337540906965918
2021-10-04,31.998,31.998,30.065,30.903,56264.025,-0.03458294283036545
2021-10-05,30.974,32.146,30.558,31.366,65870.234,0.01498236417176324
2021-10-06,31.379,33.052,29.078,32.158,101236.21,0.025250270994070068
2021-10-07,32.165,35.3,30.953,33.918,166367.871,0.054729771751974576
2021-10-08,33.855,34.479,33.045,33.338,107198.354,-0.017100064862314968
2021-10-09,33.34,36.942,33.017,36.367,107071.093,0.09085727998080251
2021-10-10,36.37,37.436,34.179,34.428,95777.364,-0.05331756812494848
2021-10-11,34.428,36.061,33.267,34.103,104473.501,-0.00943999070523982
2021-10-12,34.103,35.421,32.092,35.172,127735.114,0.03134621587543607
2021-10-13,35.175,43.321,33.624,41.669,214080.069,0.18472080063687035
2021-10-14,41.724,42.569,39.305,40.711,274995.295,-0.022990712520098877
2021-10-15,40.656,44.223,39.457,43.3,238598.377,0.06359460588047461
2021-10-16,43.307,44.756,41.271,41.643,139372.6,-0.038267898383371746
2021-10-17,41.628,42.852,39.564,42.166,100966.353,0.012559133587877858
2021-10-18,42.084,43.261,40.26,41.173,89213.867,-0.023549779443153174
2021-10-19,41.145,41.628,40.036,41.339,52120.371,0.004031768391907331
2021-10-20,41.402,45.211,41.055,44.43,92119.834,0.07477200706354781
2021-10-21,44.169,45.523,41.96,42.825,146813.321,-0.036124240378122785
2021-10-22,42.828,46.383,42.711,43.49,112595.081,0.0155283129013426
2021-10-23,43.493,44.773,43.088,43.932,62321.045,0.010163255920901282
2021-10-24,43.979,44.156,41.31,42.357,65292.417,-0.03585086042065011
2021-10-25,42.367,44.778,42.108,44.51,60214.343,0.050829851028165285
2021-10-26,44.498,46.119,43.343,44.891,100408.067,0.008559874185576355
2021-10-27,44.943,45.754,38.826,40.392,192125.971,-0.1002205341827982
2021-10-28,40.463,43.108,39.849,41.809,142290.324,0.03508120419885108
2021-10-29,41.806,44.392,41.607,44.139,79937.005,0.05572962759214528
2021-10-30,44.22,44.296,42.132,42.694,61261.119,-0.03273748838895307
2021-10-31,42.713,43.358,41.027,42.791,86566.203,0.0022719820115237876
2021-11-01,42.808,51.677,41.742,49.955,183039.493,0.16741838237012452
2021-11-02,50.013,53.383,48.036,51.624,158879.314,0.033410069062155934
2021-11-03,51.624,54.553,49.099,53.356,114869.5,0.03355028668836191
2021-11-04,53.388,55.086,52.19,53.858,95953.898,0.009408501386910517
2021-11-05,53.875,53.935,50.594,51.751,53822.836,-0.039121393293475415
2021-11-06,51.746,52.42,49.0,52.013,69286.387,0.005062704102336113
2021-11-07,52.046,53.484,51.324,52.214,45516.162,0.0038644185107570284
2021-11-08,52.237,53.841,51.709,53.379,46549.915,0.022312023595204344
2021-11-09,53.348,53.383,50.523,50.779,56347.398,-0.04870829352367023
2021-11-10,50.726,52.018,42.499,46.788,133972.397,-0.07859548238445035
2021-11-11,46.737,49.46,45.575,47.485,82452.782,0.014896982132170722
2021-11-12,47.434,47.709,44.057,45.883,117424.669,-0.03373696956933758
2021-11-13,46.087,47.525,44.875,47.075,62369.301,0.025979120807270606
2021-11-14,47.088,47.822,45.051,46.421,33706.697,-0.013892724375995869
2021-11-15,46.422,47.462,44.542,44.682,48629.324,-0.03746149372051433
2021-11-16,44.644,44.649,38.074,40.858,174350.53,-0.08558256121033092
2021-11-17,40.862,42.772,38.745,42.768,105759.893,0.046747271036271965
2021-11-18,42.767,43.264,37.585,39.1,115093.815,-0.08576505798728018
2021-11-19,39.077,42.267,38.385,41.223,86256.154,0.05429667519181569
2021-11-20,41.275,42.097,39.859,42.074,64386.269,0.020643815345802174
2021-11-21,42.103,43.566,40.629,41.929,68379.355,-0.003446308884346494
2021-11-22,41.949,42.138,38.817,39.471,73189.923,-0.058622910157647534
2021-11-23,39.467,41.475,38.567,40.772,78299.46,0.03296090800841123
2021-11-24,40.783,40.783,38.055,38.285,67029.25,-0.06099774354949483
2021-11-25,38.317,40.932,38.03,39.425,61645.361,0.02977667493796532
2021-11-26,39.467,39.605,33.59,34.531,116330.364,-0.12413443246670886
2021-11-27,34.595,35.995,34.446,35.107,78416.439,0.01668066375141186
2021-11-28,35.058,35.856,32.227,35.781,111956.847,0.019198450451476834
2021-11-29,35.816,37.541,35.415,37.126,83377.3,0.03758978228668841
2021-11-30,37.147,39.352,35.41,37.913,83173.884,0.021198082206539848
2021-12-01,37.966,38.762,36.234,36.752,88917.019,-0.030622741539841014
2021-12-02,36.705,36.705,35.026,35.764,47600.556,-0.026882890727035202
2021-12-03,35.75,36.839,32.51,33.704,72445.599,-0.057599821049099664
2021-12-04,33.751,33.853,25.364,29.389,224269.355,-0.12802634702112514
2021-12-05,29.402,29.738,26.359,28.33,141707.073,-0.03603389023103887
2021-12-06,28.335,28.95,24.858,28.14,194997.13,-0.006706671373102657
2021-12-07,28.167,31.478,27.707,30.513,231916.009,0.08432835820895535
2021-12-08,30.506,30.627,28.025,29.846,137978.078,-0.021859535280044584
2021-12-09,29.803,30.116,26.804,26.94,192988.468,-0.09736648127052194
2021-12-10,26.99,28.41,25.72,26.46,202001.465,-0.017817371937639215
2021-12-11,26.4,28.2,25.83,27.76,237549.132,0.04913076341647771
2021-12-12,27.82,30.01,27.31,29.53,166734.113,0.0637608069164266
2021-12-13,29.55,29.83,25.56,25.95,280705.241,-0.12123264476803253
2021-12-14,25.91,26.7,25.0,26.16,184282.971,0.008092485549132888
2021-12-15,26.1,28.08,24.28,27.15,173768.769,0.037844036697247674
2021-12-16,27.19,27.86,25.74,26.03,302384.057,-0.04125230202578256
2021-12-17,26.02,26.21,24.18,24.68,205299.618,-0.05186323472915877
2021-12-18,24.69,25.73,24.23,25.48,172069.309,0.03241491085899506
2021-12-19,25.52,25.85,24.63,24.74,102769.146,-0.029042386185243352
2021-12-20,24.76,25.0,23.29,24.05,154492.251,-0.027890056588520507
2021-12-21,24.11,25.59,23.76,25.14,159506.291,0.04532224532224527
2021-12-22,25.19,28.22,24.99,27.21,199868.166,0.08233890214797146
2021-12-23,27.25,29.8,26.75,29.16,187867.68,0.07166482910694594
2021-12-24,29.16,29.7,27.85,28.15,99120.999,-0.03463648834019206
2021-12-25,28.16,29.12,27.98,28.82,42463.571,0.02380106571936058
2021-12-26,28.86,31.774,28.28,31.33,196089.209,0.0870922970159611
2021-12-27,31.35,32.78,30.85,30.98,145453.022,-0.01117140121289495
2021-12-28,30.96,30.96,27.47,27.87,246256.005,-0.10038734667527438
2021-12-29,27.87,28.95,26.51,26.83,185536.208,-0.03731611051309658
2021-12-30,26.81,28.39,26.19,27.5,174753.601,0.024972046216921395
2021-12-31,27.59,28.11,26.25,26.67,105683.367,-0.030181818181818088
2022-01-01,26.69,28.63,26.69,28.59,60857.726,0.07199100112485923
2022-01-02,28.62,30.61,27.84,29.71,101165.007,0.0391745365512417
2022-01-03,29.71,30.88,28.62,30.1,206840.565,0.01312689330191863
2022-01-04,30.11,30.58,28.68,28.78,130875.882,-0.04385382059800669
2022-01-05,28.8,30.38,25.07,26.69,149599.302,-0.07261987491313415
2022-01-06,26.69,27.34,25.47,26.72,124647.511,0.00112401648557503
2022-01-07,26.71,26.85,24.25,24.89,165206.94,-0.06848802395209574
2022-01-08,24.91,25.53,23.13,23.99,168219.012,-0.03615910004017686
2022-01-09,23.96,25.32,23.67,24.62,54866.759,0.026260942059191494
2022-01-10,24.58,25.21,22.46,23.74,97480.028,-0.035743298131600376
2022-01-11,23.78,26.01,23.5,25.53,65749.942,0.07540016849199671
2022-01-12,25.55,27.57,25.46,27.4,73209.694,0.07324716020368194
2022-01-13,27.39,27.68,25.72,25.82,72443.603,-0.0576642335766423
2022-01-14,25.8,27.89,25.54,27.79,116047.482,0.076297443841983
2022-01-15,27.8,28.41,26.84,27.63,55205.789,-0.005757466714645609
2022-01-16,27.61,28.46,27.26,27.75,76410.384,0.004343105320304019
2022-01-17,27.66,27.74,25.12,25.71,80853.09,-0.07351351351351343
2022-01-18,25.73,26.06,24.13,25.16,89285.605,-0.021392454297938568
2022-01-19,25.17,25.3,23.69,24.07,69218.346,-0.043322734499205096
2022-01-20,24.12,25.6,22.86,23.02,81000.413,-0.04362276692978817
2022-01-21,23.02,23.47,19.05,19.66,236609.133,-0.14596003475238917
2022-01-22,19.65,20.15,16.21,18.27,424279.318,-0.07070193285859616
2022-01-23,18.23,19.2,17.73,18.82,276815.222,0.030103995621237
2022-01-24,18.78,18.78,15.84,18.02,310938.252,-0.04250797024442088
2022-01-25,18.03,19.04,17.38,18.29,139964.567,0.014983351831298508
2022-01-26,18.34,20.05,17.53,18.07,215224.175,-0.012028430836522608
2022-01-27,18.0,18.4,17.14,18.11,132896.359,0.0022136137244050946
2022-01-28,18.11,18.48,17.36,18.3,93309.237,0.010491441192711282
2022-01-29,18.29,19.05,18.08,18.74,53422.444,0.024043715846994385
2022-01-30,18.75,18.99,17.81,18.14,73050.207,-0.03201707577374591
2022-01-31,18.18,19.77,17.13,19.36,165907.75,0.06725468577728777
2022-02-01,19.35,20.02,19.16,19.59,124289.235,0.011880165289256173
2022-02-02,19.6,20.59,18.54,18.74,158657.38,-0.043389484430832126
2022-02-03,18.77,18.94,17.98,18.93,111809.924,0.010138740661686407
2022-02-04,18.92,20.51,18.71,20.48,119488.62,0.08188061278394088
2022-02-05,20.48,22.29,20.32,21.31,128692.898,0.04052734375
2022-02-06,21.39,21.94,20.78,21.93,64559.204,0.029094321914594046
2022-02-07,21.95,22.69,21.4,22.41,112822.536,0.02188782489740082
2022-02-08,22.42,23.18,21.07,21.71,96071.011,-0.031236055332440893
2022-02-09,21.7,22.24,21.04,21.92,47531.264,0.009672961768770083
2022-02-10,21.93,22.45,20.49,20.49,97065.803,-0.06523722627737238
2022-02-11,20.48,20.73,18.58,18.98,117008.887,-0.07369448511469001
2022-02-12,18.98,19.43,18.27,18.79,66632.989,-0.010010537407797782
2022-02-13,18.76,19.28,18.39,18.74,72809.322,-0.0026609898882384853
2022-02-14,18.75,18.93,18.03,18.7,64697.941,-0.002134471718249653
2022-02-15,18.71,20.33,18.65,20.18,73555.591,0.07914438502673793
2022-02-16,20.11,20.18,19.06,19.76,83906.13,-0.020812685827551913
2022-02-17,19.84,20.01,17.81,18.16,89715.465,-0.08097165991902844
2022-02-18,18.14,18.6,17.58,17.81,68257.127,-0.01927312775330403
2022-02-19,17.8,18.21,17.34,17.82,45635.017,0.0005614823133073266
2022-02-20,17.83,17.83,16.69,16.94,70162.565,-0.04938271604938271
2022-02-21,16.89,17.73,16.02,16.19,97796.014,-0.044273907910271526
2022-02-22,16.21,16.72,15.8,16.59,91816.212,0.024706609017912218
2022-02-23,16.64,17.49,15.92,15.94,137529.733,-0.03918022905364682
2022-02-24,15.92,16.73,14.06,16.17,215726.951,0.014429109159347586
2022-02-25,16.21,17.53,15.8,17.25,82979.789,0.06679035250463805
2022-02-26,17.26,18.83,17.19,18.04,115331.077,0.04579710144927529
2022-02-27,18.02,18.72,16.83,17.49,118637.105,-0.030487804878048808
2022-02-28,17.49,19.1,16.64,18.94,140854.887,0.08290451686678124
2022-03-01,18.96,19.57,18.33,18.87,126530.109,-0.0036958817317845893
2022-03-02,18.83,19.26,18.35,18.61,86445.986,-0.01377848436671969
2022-03-03,18.61,18.66,17.78,18.0,69771.392,-0.03277807630306284
2022-03-04,18.0,18.04,16.5,16.8,78651.002,-0.06666666666666665
2022-03-05,16.77,17.81,16.19,17.29,66251.088,0.029166666666666563
2022-03-06,17.3,17.59,16.53,16.99,54936.899,-0.017351069982649014
2022-03-07,16.98,17.13,15.99,16.4,87627.52,-0.03472630959387879
2022-03-08,16.43,17.26,16.31,16.97,72132.824,0.03475609756097553
2022-03-09,16.99,18.08,16.89,17.86,60290.469,0.05244549204478499
2022-03-10,17.87,17.93,16.69,16.97,46598.38,-0.049832026875699875
2022-03-11,16.97,18.49,16.69,17.7,116500.892,0.0430170889805539
2022-03-12,17.68,18.73,17.68,18.1,81879.037,0.02259887005649719
2022-03-13,18.11,18.38,17.13,17.23,36749.545,-0.0480662983425415
2022-03-14,17.21,17.85,17.01,17.68,45526.744,0.02611723737666849
2022-03-15,17.69,18.04,17.06,17.83,40575.98,0.008484162895927572
2022-03-16,17.83,19.2,17.67,19.07,98572.114,0.06954570947840732
2022-03-17,19.05,19.34,18.64,18.76,79999.353,-0.01625589931830096
2022-03-18,18.77,19.2,18.13,18.95,260375.445,0.010127931769722709
2022-03-19,19.0,19.86,18.86,19.41,238550.396,0.024274406332453813
2022-03-20,19.38,19.46,18.3,18.65,49420.008,-0.039155074703761006
2022-03-21,18.66,19.06,18.41,18.75,39109.945,0.00536193029490617
2022-03-22,18.74,20.52,18.68,20.23,93614.07,0.0789333333333333
2022-03-23,20.21,21.13,19.81,20.98,116303.433,0.03707365299060794
2022-03-24,20.98,21.49,20.28,21.27,66390.418,0.013822688274547135
2022-03-25,21.23,21.37,20.19,20.55,46831.255,-0.03385049365303239
2022-03-26,20.58,21.03,20.25,20.92,34926.428,0.018004866180048706
2022-03-27,20.93,22.48,20.73,22.45,53893.578,0.07313575525812599
2022-03-28,22.43,23.33,21.8,21.93,92953.424,-0.023162583518930968
2022-03-29,21.98,22.95,21.85,22.42,86289.307,0.022343821249430018
2022-03-30,22.41,22.99,21.65,22.45,104264.74,0.001338090990187224
2022-03-31,22.45,23.07,21.1,21.34,110813.181,-0.04944320712694872
2022-04-01,21.35,22.16,20.6,22.07,93573.059,0.03420805998125598
2022-04-02,22.03,23.85,21.95,22.63,107641.574,0.025373810602628
2022-04-03,22.61,23.56,22.53,23.22,62500.849,0.026071586389748047
2022-04-04,23.18,23.22,21.61,22.92,67118.018,-0.012919896640826711
2022-04-05,22.92,23.11,21.69,21.76,69122.775,-0.05061082024432806
2022-04-06,21.75,21.81,19.72,19.81,115986.804,-0.08961397058823539
2022-04-07,19.85,20.65,19.46,20.41,65254.774,0.030287733467945666
2022-04-08,20.38,20.57,19.15,19.43,46250.17,-0.04801567858892697
2022-04-09,19.41,19.82,19.29,19.72,26919.088,0.014925373134328401
2022-04-10,19.71,20.24,19.16,19.16,43007.742,-0.028397565922920864
2022-04-11,19.18,19.28,17.0,17.2,117493.525,-0.10229645093945727
2022-04-12,17.2,18.03,17.17,17.75,64095.133,0.03197674418604657
2022-04-13,17.74,18.29,17.39,18.2,31013.938,0.025352112676056304
2022-04-14,18.19,18.48,17.48,17.91,35896.91,-0.015934065934065877
2022-04-15,17.97,18.43,17.79,18.34,19920.49,0.02400893355667222
2022-04-16,18.31,18.7,18.18,18.6,21108.446,0.014176663031624903
2022-04-17,18.6,18.81,17.66,17.73,24876.953,-0.04677419354838719
2022-04-18,17.72,18.35,17.1,18.17,38298.975,0.024816694867456413
2022-04-19,18.17,18.94,18.05,18.86,24114.405,0.03797468354430378
2022-04-20,18.85,19.53,18.55,19.04,69564.315,0.009544008483563182
2022-04-21,19.1,19.68,18.03,18.17,58424.722,-0.04569327731092421
2022-04-22,18.17,18.52,18.08,18.26,35579.195,0.004953219592735314
2022-04-23,18.26,19.24,17.98,18.7,34345.558,0.02409638554216853
2022-04-24,18.68,19.15,18.08,18.15,37097.529,-0.02941176470588236
2022-04-25,18.15,18.24,17.13,18.15,55298.855,0.0
2022-04-26,18.17,18.31,16.42,16.67,57007.151,-0.08154269972451778
2022-04-27,16.67,17.27,16.49,16.95,39020.092,0.01679664067186537
2022-04-28,16.96,17.43,16.76,17.01,34617.894,0.0035398230088496963
2022-04-29,17.02,17.06,16.0,16.19,21558.68,-0.04820693709582602
2022-04-30,16.2,16.44,14.18,14.5,32994.532,-0.10438542310067955
2022-05-01,14.51,15.51,14.48,15.36,23507.391,0.05931034482758624
2022-05-02,15.36,15.59,14.56,14.97,58840.945,-0.02539062499999989
2022-05-03,14.98,15.23,14.52,14.73,34751.371,-0.01603206412825653
2022-05-04,14.72,16.34,14.66,16.34,34723.171,0.10930074677528845
2022-05-05,16.34,16.44,14.05,14.55,66005.04,-0.109547123623011
2022-05-06,14.54,14.66,13.8,14.33,51763.702,-0.015120274914089404
2022-05-07,14.34,14.37,13.39,13.79,24961.699,-0.037683182135380355
2022-05-08,13.8,13.88,13.03,13.26,38201.357,-0.03843364757070333
2022-05-09,13.27,13.48,10.51,10.64,111769.809,-0.19758672699849167
2022-05-10,10.64,12.45,10.33,11.36,128021.435,0.06766917293233066
2022-05-11,11.34,11.64,8.01,9.09,344318.008,-0.19982394366197176
2022-05-12,9.09,9.53,7.32,8.73,146302.107,-0.03960396039603953
2022-05-13,8.7,11.78,8.58,10.47,150505.636,0.19931271477663226
2022-05-14,10.47,11.57,9.77,11.3,140383.764,0.0792741165234001
2022-05-15,11.32,11.86,10.58,11.81,100506.707,0.045132743362831906
2022-05-16,11.77,11.77,10.38,10.65,76585.559,-0.09822184589331073
2022-05-17,10.66,11.33,10.43,11.06,79111.212,0.03849765258215965
2022-05-18,11.07,11.17,9.44,9.52,57306.615,-0.139240506329114
2022-05-19,9.53,10.4,9.23,10.02,36549.764,0.05252100840336138
2022-05-20,10.01,10.25,9.45,9.67,33215.389,-0.034930139720558806
2022-05-21,9.68,10.09,9.47,10.02,18159.565,0.03619441571871773
2022-05-22,10.02,10.33,9.88,10.16,21702.482,0.0139720558882237
2022-05-23,10.15,10.73,9.81,9.88,51733.018,-0.027559055118110187
2022-05-24,9.87,10.27,9.57,10.18,28725.766,0.030364372469635414
2022-05-25,10.2,10.33,9.78,9.88,29565.366,-0.029469548133595147
2022-05-26,9.89,10.0,8.83,9.14,112571.951,-0.0748987854251012
2022-05-27,9.15,10.05,8.57,9.1,173310.786,-0.004376367614879806
2022-05-28,9.13,9.8,8.97,9.65,80228.068,0.06043956043956045
2022-05-29,9.64,10.03,9.33,9.98,64680.547,0.03419689119170988
2022-05-30,9.99,10.79,9.92,10.46,82427.047,0.04809619238476959
2022-05-31,10.44,10.64,9.95,10.34,56470.337,-0.01147227533460815
2022-06-01,10.37,10.74,9.27,9.44,108974.386,-0.08704061895551263
2022-06-02,9.45,10.06,9.3,9.91,95249.509,0.04978813559322037
2022-06-03,9.9,9.91,9.21,9.38,28065.708,-0.05348133198789096
2022-06-04,9.39,9.55,9.14,9.46,34820.859,0.008528784648187626
2022-06-05,9.46,9.55,9.26,9.35,25082.103,-0.011627906976744318
2022-06-06,9.34,9.94,9.33,9.47,71597.767,0.012834224598930577
2022-06-07,9.47,9.5,8.85,9.22,65067.685,-0.026399155227032733
2022-06-08,9.24,9.39,8.9,9.01,41884.272,-0.022776572668112838
2022-06-09,9.01,9.47,8.92,9.22,94814.15,0.023307436182020025
2022-06-10,9.22,9.37,8.54,8.66,96256.939,-0.06073752711496749
2022-06-11,8.66,8.86,7.92,8.04,89091.846,-0.07159353348729802
2022-06-12,8.05,8.11,7.39,7.43,144103.665,-0.07587064676616906
2022-06-13,7.42,7.47,6.36,7.01,188967.745,-0.05652759084791381
2022-06-14,6.99,7.55,6.68,7.36,138936.018,0.049928673323823114
2022-06-15,7.36,8.8,6.83,8.5,197487.059,0.15489130434782594
2022-06-16,8.5,8.55,6.98,7.12,127214.305,-0.1623529411764706
2022-06-17,7.12,7.47,7.05,7.26,55704.235,0.0196629213483146
2022-06-18,7.25,7.41,6.47,7.06,54908.398,-0.02754820936639124
2022-06-19,7.05,7.64,6.78,7.55,76294.435,0.06940509915014159
2022-06-20,7.56,8.02,7.18,7.86,85642.899,0.041059602649006655
2022-06-21,7.89,8.27,7.68,7.77,65124.646,-0.011450381679389388
2022-06-22,7.76,7.81,7.36,7.39,94986.044,-0.04890604890604888
2022-06-23,7.4,7.81,7.36,7.8,69628.99,0.05548037889039237
2022-06-24,7.81,8.33,7.73,8.18,74838.848,0.04871794871794877
2022-06-25,8.18,8.37,7.8,8.16,27225.244,-0.0024449877750610804
2022-06-26,8.17,8.48,7.81,7.84,35883.643,-0.03921568627450989
2022-06-27,7.81,8.2,7.69,7.73,42736.58,-0.014030612244897878
2022-06-28,7.79,8.0,7.26,7.31,59959.354,-0.05433376455368699
2022-06-29,7.32,7.44,6.96,7.04,97515.374,-0.03693570451436379
2022-06-30,7.03,7.1,6.64,7.06,76809.649,0.0028409090909089496
2022-07-01,7.07,7.26,6.55,6.73,162495.357,-0.04674220963172793
2022-07-02,6.71,6.9,6.63,6.86,76704.515,0.019316493313521477
2022-07-03,6.8,6.98,6.61,6.82,73373.427,-0.005830903790087438
2022-07-04,6.82,7.21,6.67,7.15,57241.229,0.048387096774193505
2022-07-05,7.16,7.22,6.6,6.85,125957.687,-0.04195804195804209
2022-07-06,6.88,7.01,6.69,6.92,66695.189,0.010218978102189746
2022-07-07,6.92,7.35,6.89,7.31,84124.724,0.056358381502890076
2022-07-08,7.3,7.47,6.95,7.06,71119.483,-0.034199726402188824
2022-07-09,7.08,7.36,7.04,7.24,44553.593,0.025495750708215414
2022-07-10,7.24,7.24,6.76,6.82,58754.128,-0.058011049723756924
2022-07-11,6.84,6.9,6.5,6.52,69184.083,-0.04398826979472148
2022-07-12,6.51,6.62,6.26,6.27,47531.684,-0.03834355828220859
2022-07-13,6.26,6.54,6.0,6.49,54235.307,0.03508771929824572
2022-07-14,6.5,6.76,6.3,6.72,13671.514,0.035439137134052334
2022-07-15,6.72,6.98,6.66,6.75,58367.179,0.0044642857142858094
2022-07-16,6.74,7.21,6.56,7.2,52332.085,0.06666666666666665
2022-07-17,7.21,7.32,6.88,6.93,43053.292,-0.03750000000000009
2022-07-18,6.94,7.72,6.93,7.66,58370.683,0.10533910533910551
2022-07-19,7.66,8.03,7.5,7.79,130911.601,0.016971279373368064
2022-07-20,7.81,8.07,7.37,7.48,75498.356,-0.03979460847240046
2022-07-21,7.49,7.59,7.18,7.49,58054.731,0.0013368983957218195
2022-07-22,7.51,7.85,7.26,7.29,88020.065,-0.026702269692923886
2022-07-23,7.3,7.49,7.09,7.35,58121.853,0.008230452674897082
2022-07-24,7.36,7.59,7.31,7.41,70655.822,0.008163265306122547
2022-07-25,7.38,7.44,6.74,6.76,38882.351,-0.08771929824561409
2022-07-26,6.76,6.79,6.52,6.79,78739.47,0.004437869822485174
2022-07-27,6.8,7.7,6.66,7.7,46376.142,0.134020618556701
2022-07-28,7.7,8.08,7.46,7.9,112360.297,0.025974025974025983
2022-07-29,7.9,8.41,7.77,8.19,189930.396,0.036708860759493644
2022-07-30,8.2,8.84,8.16,8.21,167192.487,0.0024420024420026554
2022-07-31,8.21,9.21,8.08,8.61,189076.213,0.04872107186358088
2022-08-01,8.6,8.98,8.03,8.17,138422.327,-0.05110336817653882
2022-08-02,8.16,8.27,7.68,7.93,98052.581,-0.02937576499388006
2022-08-03,7.95,8.48,7.69,7.99,117611.837,0.007566204287515754
2022-08-04,7.99,8.27,7.89,8.1,272309.889,0.013767209011263937
2022-08-05,8.08,8.84,8.08,8.81,394380.82,0.08765432098765435
2022-08-06,8.8,8.87,8.49,8.51,244938.17,-0.034052213393870656
2022-08-07,8.5,8.93,8.35,8.66,189679.454,0.01762632197414815
2022-08-08,8.64,9.38,8.64,9.27,471747.004,0.07043879907621231
2022-08-09,9.27,9.46,8.66,8.89,532739.782,-0.04099244875943897
2022-08-10,8.88,9.64,8.55,9.52,506059.749,0.07086614173228334
2022-08-11,9.52,9.64,9.13,9.21,304241.752,-0.03256302521008392
2022-08-12,9.21,9.49,9.04,9.47,318035.154,0.028230184581976125
2022-08-13,9.46,9.67,9.26,9.3,334467.973,-0.017951425554382228
2022-08-14,9.29,9.55,8.84,8.96,299898.921,-0.03655913978494618
2022-08-15,8.95,9.38,8.63,8.78,464386.329,-0.02008928571428592
2022-08-16,8.79,8.95,8.64,8.88,446305.749,0.011389521640091216
2022-08-17,8.89,9.16,8.32,8.37,258912.427,-0.05743243243243257
2022-08-18,8.37,8.59,8.0,8.09,182103.75,-0.03345280764635594
2022-08-19,8.08,8.08,7.23,7.34,155485.964,-0.09270704573547595
2022-08-20,7.34,7.52,7.03,7.24,113505.483,-0.013623978201634857
2022-08-21,7.23,7.53,7.17,7.44,46282.014,0.027624309392265234
2022-08-22,7.43,7.43,7.01,7.4,92190.025,-0.005376344086021501
2022-08-23,7.38,7.71,7.19,7.64,47060.434,0.03243243243243232
2022-08-24,7.62,7.77,7.42,7.56,68217.451,-0.010471204188481686
2022-08-25,7.58,7.75,7.46,7.57,35322.122,0.001322751322751392
2022-08-26,7.56,7.68,6.86,6.94,108966.405,-0.08322324966974903
2022-08-27,6.91,7.09,6.8,7.04,61817.675,0.014409221902017322
2022-08-28,7.03,7.15,6.81,6.86,42684.527,-0.025568181818181768
2022-08-29,6.86,7.3,6.79,7.27,91833.625,0.0597667638483963
2022-08-30,7.26,7.37,6.89,7.01,63409.599,-0.03576341127922966
2022-08-31,7.02,7.28,6.99,7.03,40059.549,0.0028530670470756636
2022-09-01,7.02,7.2,6.87,7.19,51373.393,0.022759601706970223
2022-09-02,7.19,7.56,7.13,7.27,72824.6,0.011126564673157091
2022-09-03,7.26,7.3,7.17,7.29,28013.227,0.0027510316368639653
2022-09-04,7.3,7.41,7.15,7.38,35837.304,0.012345679012345734
2022-09-05,7.38,7.63,7.26,7.38,70900.526,0.0
2022-09-06,7.39,7.69,6.82,6.88,149175.669,-0.0677506775067751
2022-09-07,6.86,7.29,6.76,7.19,81314.305,0.04505813953488369
2022-09-08,7.24,7.45,7.04,7.39,49272.481,0.027816411682892728
2022-09-09,7.37,7.94,7.37,7.75,71290.337,0.048714479025710355
2022-09-10,7.74,7.87,7.59,7.81,31156.294,0.00774193548387081
2022-09-11,7.82,7.9,7.53,7.67,71112.127,-0.017925736235595346
2022-09-12,7.69,8.05,7.57,7.67,73599.938,0.0
2022-09-13,7.64,7.95,7.04,7.06,72424.561,-0.07953063885267275
2022-09-14,7.06,7.3,7.03,7.2,36276.742,0.019830028328611915
2022-09-15,7.22,7.23,6.88,6.9,42208.473,-0.04166666666666663
2022-09-16,6.89,6.97,6.71,6.93,26801.302,0.004347826086956497
2022-09-17,6.94,7.15,6.93,7.04,20752.968,0.015873015873015817
2022-09-18,7.03,7.04,6.33,6.45,34860.308,-0.08380681818181812
2022-09-19,6.44,6.55,6.1,6.39,59907.417,-0.009302325581395432
2022-09-20,6.4,6.41,6.18,6.27,28801.609,-0.018779342723004744
2022-09-21,6.26,6.58,5.98,6.14,65199.809,-0.020733652312599715
2022-09-22,6.14,6.52,6.09,6.45,38005.745,0.050488599348534224
2022-09-23,6.46,6.63,6.2,6.45,122870.623,0.0
2022-09-24,6.44,6.51,6.24,6.27,49466.325,-0.027906976744186185
2022-09-25,6.27,6.36,6.09,6.2,49977.133,-0.011164274322168932
2022-09-26,6.21,6.57,6.16,6.56,56858.708,0.05806451612903207
2022-09-27,6.55,6.8,6.25,6.37,72582.312,-0.02896341463414631
2022-09-28,6.36,6.48,6.18,6.39,32275.359,0.0031397174254317317
2022-09-29,6.39,6.49,6.27,6.45,33111.211,0.009389671361502483
2022-09-30,6.45,6.56,6.22,6.31,21442.358,-0.02170542635658923
2022-10-01,6.31,6.33,6.22,6.27,7205.405,-0.006339144215530945
2022-10-02,6.29,6.32,6.13,6.16,20715.276,-0.01754385964912275
2022-10-03,6.15,6.4,6.09,6.37,14429.499,0.03409090909090917
2022-10-04,6.38,6.53,6.34,6.49,11841.699,0.01883830455259039
2022-10-05,6.5,6.5,6.28,6.45,27781.145,-0.006163328197226536
2022-10-06,6.46,6.51,6.32,6.35,34859.577,-0.015503875968992276
2022-10-07,6.35,6.39,6.26,6.33,14673.547,-0.0031496062992125706
2022-10-08,6.34,6.39,6.27,6.31,8032.943,-0.003159557661927437
2022-10-09,6.32,6.49,6.29,6.48,15996.991,0.02694136291600646
2022-10-10,6.48,6.55,6.25,6.26,15417.988,-0.03395061728395077
2022-10-11,6.25,6.25,6.13,6.18,27053.507,-0.012779552715655007
2022-10-12,6.18,6.24,6.13,6.17,21248.379,-0.0016181229773462036
2022-10-13,6.16,6.16,5.65,6.11,90665.26,-0.00972447325769843
2022-10-14,6.12,6.26,6.02,6.06,22383.834,-0.008183306055646544
2022-10-15,6.04,6.09,6.03,6.06,13832.693,0.0
2022-10-16,6.07,6.24,6.07,6.18,16564.707,0.01980198019801982
2022-10-17,6.19,6.29,6.13,6.25,25700.414,0.011326860841424091
2022-10-18,6.25,6.29,6.07,6.16,27972.203,-0.014399999999999968
2022-10-19,6.17,6.25,6.07,6.08,26606.596,-0.012987012987012991
2022-10-20,6.1,6.15,5.83,5.88,35220.604,-0.03289473684210531
2022-10-21,5.87,5.9,5.74,5.83,29179.205,-0.008503401360544172
2022-10-22,5.84,5.87,5.78,5.85,11887.024,0.0034305317324183626
2022-10-23,5.86,5.98,5.76,5.97,13212.996,0.02051282051282044
2022-10-24,5.98,5.98,5.81,5.92,65663.75,-0.008375209380234505
2022-10-25,5.94,6.63,5.91,6.46,49222.957,0.09121621621621623
2022-10-26,6.46,6.61,6.41,6.5,52996.471,0.006191950464396356
2022-10-27,6.5,6.64,6.29,6.34,75212.762,-0.024615384615384595
2022-10-28,6.34,6.57,6.27,6.53,43144.895,0.029968454258675115
2022-10-29,6.54,6.78,6.5,6.63,69315.232,0.015313935681469992
2022-10-30,6.63,6.74,6.53,6.66,31386.804,0.004524886877828038
2022-10-31,6.66,6.83,6.57,6.62,43868.236,-0.006006006006005982
2022-11-01,6.6,6.71,6.45,6.46,33747.62,-0.024169184290030232
2022-11-02,6.44,6.52,6.17,6.24,49042.805,-0.034055727554179516
2022-11-03,6.25,6.53,6.25,6.42,27631.353,0.028846153846153744
2022-11-04,6.41,7.1,6.39,7.06,87286.571,0.09968847352024923
2022-11-05,7.08,7.24,6.95,7.01,56619.466,-0.007082152974504208
2022-11-06,7.0,7.14,6.79,6.81,54277.282,-0.02853067047075608
2022-11-07,6.82,7.41,6.66,7.14,60449.23,0.048458149779735615
2022-11-08,7.15,7.2,5.87,6.28,182638.259,-0.12044817927170859
2022-11-09,6.26,6.41,5.34,5.38,257640.743,-0.1433121019108281
2022-11-10,5.34,6.18,5.33,5.98,64677.687,0.11152416356877337
2022-11-11,5.98,6.0,5.51,5.75,45002.819,-0.03846153846153855
2022-11-12,5.75,5.88,5.57,5.79,17297.042,0.006956521739130528
2022-11-13,5.78,5.97,5.63,5.75,77774.985,-0.006908462867012077
2022-11-14,5.75,5.89,5.46,5.88,58015.316,0.022608695652173827
2022-11-15,5.89,6.04,5.8,5.92,53542.896,0.006802721088435382
2022-11-16,5.94,5.99,5.62,5.71,50545.18,-0.035472972972972916
2022-11-17,5.72,5.72,5.58,5.67,39109.317,-0.007005253940455369
2022-11-18,5.68,5.77,5.6,5.65,50141.941,-0.003527336860670083
2022-11-19,5.64,5.65,5.54,5.61,36616.063,-0.0070796460176991705
2022-11-20,5.62,5.65,5.26,5.31,24183.026,-0.05347593582887711
2022-11-21,5.28,5.29,5.07,5.19,41568.478,-0.022598870056497078
2022-11-22,5.2,5.31,4.99,5.29,45239.179,0.019267822736030782
2022-11-23,5.29,5.48,5.26,5.44,47960.565,0.02835538752362954
2022-11-24,5.44,5.51,5.34,5.38,50353.427,-0.011029411764705954
2022-11-25,5.36,5.38,5.25,5.25,20264.299,-0.024163568773234223
2022-11-26,5.27,5.43,5.26,5.31,19952.628,0.011428571428571344
2022-11-27,5.31,5.43,5.26,5.3,24634.463,-0.0018832391713746732
2022-11-28,5.3,5.31,5.07,5.12,26612.238,-0.03396226415094339
2022-11-29,5.12,5.35,5.1,5.31,40179.862,0.037109375
2022-11-30,5.32,5.5,5.32,5.47,65150.416,0.030131826741996326
2022-12-01,5.46,5.46,5.32,5.4,28066.448,-0.01279707495429605
2022-12-02,5.41,5.68,5.38,5.65,45293.706,0.04629629629629628
2022-12-03,5.66,5.71,5.49,5.5,36717.131,-0.026548672566371723
2022-12-04,5.51,5.61,5.51,5.59,20552.198,0.016363636363636358
2022-12-05,5.59,5.73,5.44,5.47,28138.669,-0.02146690518783545
2022-12-06,5.47,5.51,5.43,5.51,13729.263,0.007312614259597838
2022-12-07,5.5,5.51,5.24,5.29,28628.845,-0.03992740471869327
2022-12-08,5.3,5.45,5.26,5.43,16401.288,0.026465028355387554
2022-12-09,5.42,5.43,5.26,5.29,11554.04,-0.025782688766114115
2022-12-10,5.28,5.32,5.26,5.28,2844.057,-0.001890359168241873
2022-12-11,5.28,5.32,5.14,5.16,10763.944,-0.022727272727272707
2022-12-12,5.15,5.2,5.02,5.18,16272.457,0.003875968992248069
2022-12-13,5.18,5.33,5.0,5.29,16695.611,0.021235521235521304
2022-12-14,5.3,5.35,5.17,5.19,17081.493,-0.018903591682419618
2022-12-15,5.19,5.25,5.13,5.23,13679.568,0.007707129094412402
2022-12-16,5.23,5.25,4.52,4.66,62695.092,-0.10898661567877632
2022-12-17,4.67,4.72,4.6,4.7,7313.336,0.008583690987124415
2022-12-18,4.7,4.7,4.62,4.65,4606.952,-0.010638297872340385
2022-12-19,4.65,4.7,4.42,4.48,31060.078,-0.03655913978494618
2022-12-20,4.47,4.65,4.47,4.61,46426.01,0.029017857142857206
2022-12-21,4.59,4.6,4.45,4.49,22541.17,-0.026030368763557465
2022-12-22,4.49,4.53,4.38,4.53,16615.608,0.008908685968819663
2022-12-23,4.52,4.55,4.46,4.49,18087.962,-0.008830022075055233
2022-12-24,4.49,4.49,4.44,4.45,1491.46,-0.008908685968819552
2022-12-25,4.45,4.49,4.4,4.49,7581.53,0.008988764044943753
2022-12-26,4.49,4.58,4.47,4.58,3639.042,0.020044543429843964
2022-12-27,4.58,4.58,4.3,4.47,19551.021,-0.02401746724890841
2022-12-28,4.47,4.48,4.25,4.28,42888.671,-0.042505592841163176
2022-12-29,4.28,4.35,4.23,4.32,16863.344,0.009345794392523477
2022-12-30,4.32,4.34,4.23,4.33,15071.779,0.0023148148148146586
2022-12-31,4.33,4.39,4.3,4.3,10164.055,-0.006928406466512715
2023-01-01,4.3,4.38,4.28,4.38,17164.155,0.018604651162790642
2023-01-02,4.36,4.53,4.32,4.49,13704.935,0.02511415525114158
2023-01-03,4.5,4.54,4.47,4.53,8280.126,0.008908685968819663
2023-01-04,4.54,4.68,4.54,4.65,27970.846,0.026490066225165476
2023-01-05,4.65,4.65,4.55,4.62,18141.104,-0.006451612903225823
2023-01-06,4.63,4.7,4.56,4.68,23722.36,0.01298701298701288
2023-01-07,4.68,4.7,4.64,4.67,6129.711,-0.002136752136752129
2023-01-08,4.65,4.83,4.61,4.83,8293.572,0.03426124197002145
2023-01-09,4.84,5.08,4.8,4.89,32590.453,0.012422360248447228
2023-01-10,4.9,4.96,4.83,4.92,10546.617,0.006134969325153339
2023-01-11,4.92,5.14,4.83,5.14,9617.165,0.04471544715447151
2023-01-12,5.14,5.25,5.03,5.22,33221.707,0.015564202334630295
2023-01-13,5.23,5.42,5.16,5.41,25068.728,0.03639846743295028
2023-01-14,5.43,6.52,5.41,6.01,122086.816,0.11090573012938987
2023-01-15,6.0,6.04,5.77,5.95,32652.065,-0.009983361064891727
2023-01-16,5.96,6.08,5.62,5.77,33810.554,-0.03025210084033625
2023-01-17,5.77,6.21,5.7,5.97,66752.15,0.03466204506065851
2023-01-18,5.98,6.21,5.6,5.67,41629.403,-0.05025125628140703
2023-01-19,5.68,5.83,5.67,5.82,12480.315,0.02645502645502651
2023-01-20,5.8,6.28,5.76,6.28,27647.918,0.07903780068728516
2023-01-21,6.28,6.46,6.01,6.29,78914.762,0.0015923566878981443
2023-01-22,6.3,6.46,6.08,6.22,58731.895,-0.011128775834658211
2023-01-23,6.23,6.82,6.23,6.55,38716.347,0.05305466237942125
2023-01-24,6.58,6.7,6.12,6.19,16002.811,-0.05496183206106864
2023-01-25,6.19,6.55,6.03,6.43,60742.475,0.03877221324717284
2023-01-26,6.45,6.56,6.31,6.51,49667.171,0.012441679626749691
2023-01-27,6.46,6.61,6.28,6.59,19130.416,0.01228878648233489
2023-01-28,6.61,6.66,6.33,6.38,23184.82,-0.03186646433990892
2023-01-29,6.36,6.7,6.32,6.64,23123.341,0.04075235109717856
2023-01-30,6.64,6.65,6.01,6.16,69603.726,-0.07228915662650592
2023-01-31,6.19,6.31,6.17,6.23,33396.831,0.011363636363636465
2023-02-01,6.24,6.49,6.03,6.49,44420.938,0.04173354735152479
2023-02-02,6.5,6.91,6.48,6.55,50303.507,0.009244992295839749
2023-02-03,6.56,7.12,6.52,6.99,52784.504,0.06717557251908413
2023-02-04,7.0,7.07,6.83,6.88,15568.298,-0.015736766809728242
2023-02-05,6.84,6.88,6.53,6.67,30651.944,-0.03052325581395343
2023-02-06,6.7,6.78,6.43,6.48,21165.19,-0.028485757121439192
2023-02-07,6.49,6.94,6.49,6.93,19144.493,0.06944444444444442
2023-02-08,6.93,7.01,6.62,6.74,34126.205,-0.02741702741702734
2023-02-09,6.74,6.97,6.09,6.24,70702.448,-0.0741839762611276
2023-02-10,6.25,6.3,6.14,6.18,25267.644,-0.009615384615384692
2023-02-11,6.16,6.28,6.16,6.28,6682.571,0.016181229773462924
2023-02-12,6.25,6.38,6.08,6.2,21617.028,-0.01273885350318471
2023-02-13,6.21,6.23,5.9,6.14,33963.346,-0.00967741935483879
2023-02-14,6.15,6.25,6.02,6.19,38131.258,0.008143322475570258
2023-02-15,6.19,6.62,6.17,6.62,27810.312,0.06946688206785123
2023-02-16,6.62,6.74,6.31,6.31,32361.809,-0.046827794561933644
2023-02-17,6.3,7.41,6.3,7.28,110578.05,0.15372424722662448
2023-02-18,7.29,7.38,7.12,7.23,67085.323,-0.006868131868131844
2023-02-19,7.22,7.88,7.19,7.44,66210.723,0.029045643153526868
2023-02-20,7.47,7.56,7.25,7.51,37032.8,0.009408602150537515
2023-02-21,7.55,7.55,7.12,7.26,47286.766,-0.03328894806924099
2023-02-22,7.2,7.25,6.89,7.18,41040.978,-0.011019283746556474
2023-02-23,7.19,7.39,7.04,7.1,27409.338,-0.011142061281337101
2023-02-24,7.1,7.12,6.48,6.61,41659.342,-0.06901408450704216
2023-02-25,6.62,6.64,6.34,6.54,35275.051,-0.010590015128593033
2023-02-26,6.51,6.71,6.51,6.68,24097.743,0.021406727828746197
2023-02-27,6.68,6.79,6.49,6.58,39355.937,-0.014970059880239472
2023-02-28,6.59,6.59,6.28,6.36,36513.777,-0.03343465045592697
2023-03-01,6.33,6.58,6.32,6.54,27604.56,0.028301886792452713
2023-03-02,6.55,6.56,6.23,6.32,32359.183,-0.033639143730886834
2023-03-03,6.31,6.33,5.79,6.04,56466.484,-0.044303797468354444
2023-03-04,6.02,6.05,5.8,5.92,11158.936,-0.019867549668874163
2023-03-05,5.91,6.05,5.9,5.97,7026.134,0.008445945945945832
2023-03-06,5.95,6.04,5.85,5.92,14787.001,-0.008375209380234505
2023-03-07,5.91,6.02,5.74,5.85,27977.796,-0.011824324324324342
2023-03-08,5.86,5.92,5.51,5.6,54722.757,-0.042735042735042694
2023-03-09,5.59,5.79,5.26,5.37,55362.836,-0.04107142857142854
2023-03-10,5.37,5.57,5.15,5.55,94766.692,0.03351955307262555
2023-03-11,5.55,5.67,5.23,5.43,32673.717,-0.021621621621621623
2023-03-12,5.43,5.9,5.36,5.9,31804.249,0.08655616942909772
2023-03-13,5.89,6.14,5.7,6.1,26129.914,0.03389830508474567
2023-03-14,6.1,6.54,6.0,6.25,35120.183,0.024590163934426368
2023-03-15,6.24,6.37,5.79,5.86,30221.752,-0.0623999999999999
2023-03-16,5.88,6.14,5.77,6.07,10174.07,0.03583617747440271
2023-03-17,6.08,6.63,6.03,6.62,16365.107,0.09060955518945635
2023-03-18,6.64,6.69,6.29,6.31,15021.81,-0.046827794561933644
2023-03-19,6.36,6.59,6.34,6.47,12512.038,0.02535657686212356
2023-03-20,6.43,6.47,6.05,6.12,9923.992,-0.054095826893353904
2023-03-21,6.12,6.45,6.02,6.34,15375.239,0.035947712418300526
2023-03-22,6.35,6.36,5.92,6.03,7904.967,-0.04889589905362768
2023-03-23,6.07,6.41,6.0,6.33,3403.795,0.04975124378109452
2023-03-24,6.34,6.34,5.95,6.03,3432.809,-0.04739336492890989
2023-03-25,6.01,6.08,5.83,5.91,3944.203,-0.01990049751243783
2023-03-26,5.9,6.1,5.88,6.04,2469.898,0.021996615905245376
2023-03-27,6.05,6.11,5.75,5.86,3578.165,-0.02980132450331119
2023-03-28,5.86,6.11,5.79,6.06,3398.636,0.03412969283276435
2023-03-29,6.06,6.27,6.06,6.18,7493.149,0.01980198019801982
2023-03-30,6.19,6.29,6.03,6.14,5604.256,-0.006472491909385147
2023-03-31,6.13,6.38,6.12,6.34,17215.739,0.032573289902280145
2023-04-01,6.35,6.38,6.2,6.35,5421.794,0.001577287066246047
2023-04-02,6.35,6.44,6.18,6.25,4960.428,-0.015748031496062964
2023-04-03,6.25,6.5,6.1,6.41,9879.367,0.025600000000000067
2023-04-04,6.41,6.48,6.37,6.45,4034.892,0.006240249609984483
